area_code,area_name,region,latitude,longitude,aliases
603,Nicobars,IN-AN,7.024826,93.799023,
632,North And Middle Andaman,IN-AN,12.842528,92.870475,
602,South Andamans,IN-AN,11.523693,92.648491,
745,Alluri Sitharama Raju,IN-AP,15.753511,79.962484,
744,Anakapalli,IN-AP,15.753511,79.962484,
502,Ananthapuramu,IN-AP,14.493043,77.566974,
753,Annamayya,IN-AP,15.753511,79.962484,
750,Bapatla,IN-AP,15.753511,79.962484,
503,Chittoor,IN-AP,13.464938,79.005997,
747,Dr. B.R. Ambedkar Konaseema,IN-AP,15.753511,79.962484,
505,East Godavari,IN-AP,17.272008,81.893276,
748,Eluru,IN-AP,15.753511,79.962484,
506,Guntur,IN-AP,16.293106,80.078833,
746,Kakinada,IN-AP,15.753511,79.962484,
510,Krishna,IN-AP,16.555707,80.797994,
511,Kurnool,IN-AP,15.535569,78.012995,
790,Markapuram,IN-AP,15.753511,79.962484,
755,Nandyal,IN-AP,15.753511,79.962484,
749,Ntr,IN-AP,15.753511,79.962484,Vijaywada;Vijayawada
751,Palnadu,IN-AP,15.753511,79.962484,
743,Parvathipuram Manyam,IN-AP,15.753511,79.962484,
791,Polavaram,IN-AP,15.753511,79.962484,
517,Prakasam,IN-AP,15.616202,79.515203,
515,Sri Potti Sriramulu Nellore,IN-AP,14.418363,79.738935,
754,Sri Sathya Sai,IN-AP,15.753511,79.962484,
519,Srikakulam,IN-AP,18.597701,84.022731,
752,Tirupati,IN-AP,15.753511,79.962484,
520,Visakhapatnam,IN-AP,17.893416,82.693925,Vizag;Waltair
521,Vizianagaram,IN-AP,18.472878,83.385198,
523,West Godavari,IN-AP,16.931401,81.387360,
504,Y.S.R. Kadapa,IN-AP,14.463753,78.780374,
628,Anjaw,IN-AR,28.066616,96.856247,
787,Bichom,IN-AR,28.035268,94.673960,
229,Changlang,IN-AR,27.369957,96.353040,
230,Dibang Valley,IN-AR,28.868333,95.909961,
231,East Kameng,IN-AR,27.587861,92.917506,
232,East Siang,IN-AR,28.048218,95.354000,
718,Kamle,IN-AR,27.741518,94.078176,
786,Keyi Panyor,IN-AR,28.035268,94.673960,
677,Kra Daadi,IN-AR,28.017789,93.672960,
233,Kurung Kumey,IN-AR,28.002616,93.206931,
724,Leparada,IN-AR,27.925491,94.716086,
234,Lohit,IN-AR,27.929436,96.300479,
666,Longding,IN-AR,26.855201,95.327659,
235,Lower Dibang Valley,IN-AR,28.254737,95.821628,
719,Lower Siang,IN-AR,27.775244,94.694459,
236,Lower Subansiri,IN-AR,27.588340,93.776522,
678,Namsai,IN-AR,27.701176,96.043183,
723,Pakke Kessang,IN-AR,27.105402,93.035255,
237,Papum Pare,IN-AR,27.270137,93.596281,
725,Shi Yomi,IN-AR,28.676965,94.260983,
679,Siang,IN-AR,28.404385,94.808912,
238,Tawang,IN-AR,27.662208,91.965169,
239,Tirap,IN-AR,27.024225,95.543181,
240,Upper Siang,IN-AR,28.832949,94.915294,
241,Upper Subansiri,IN-AR,28.289938,93.929551,
242,West Kameng,IN-AR,27.291857,92.393051,
243,West Siang,IN-AR,28.159942,94.613450,
739,Bajali,IN-AS,26.355278,92.827110,
616,Baksa,IN-AS,26.660208,91.351220,
280,Barpeta,IN-AS,26.341730,91.003652,
705,Biswanath,IN-AS,26.812104,93.312825,
281,Bongaigaon,IN-AS,26.354045,90.614044,
282,Cachar,IN-AS,24.812469,92.854835,
708,Charaideo,IN-AS,27.067765,95.059768,
612,Chirang,IN-AS,26.659673,90.595862,
283,Darrang,IN-AS,26.447690,92.029452,
284,Dhemaji,IN-AS,27.589777,94.774961,
285,Dhubri,IN-AS,26.142595,90.042012,
286,Dibrugarh,IN-AS,27.366986,95.053106,
299,Dima Hasao,IN-AS,25.377940,93.030966,
287,Goalpara,IN-AS,26.050242,90.607466,
288,Golaghat,IN-AS,26.443087,93.831353,
289,Hailakandi,IN-AS,24.497097,92.587787,
709,Hojai,IN-AS,25.978201,92.979926,
290,Jorhat,IN-AS,26.695491,94.276417,
291,Kamrup,IN-AS,26.100380,91.416295,
618,Kamrup Metro,IN-AS,26.128528,91.891940,
292,Karbi Anglong,IN-AS,26.156857,93.404795,
294,Kokrajhar,IN-AS,26.492770,90.118799,
295,Lakhimpur,IN-AS,27.174006,94.140707,
706,Majuli,IN-AS,26.938190,94.171745,
296,Marigaon,IN-AS,26.281812,92.284050,
297,Nagaon,IN-AS,26.362398,92.753571,
298,Nalbari,IN-AS,26.370536,91.382421,
300,Sivasagar,IN-AS,26.970450,94.664944,
301,Sonitpur,IN-AS,26.758534,92.651006,
707,South Salmara Mancachar,IN-AS,25.778073,89.931723,
293,Sribhumi,IN-AS,24.579503,92.379052,
756,Tamulpur,IN-AS,26.355278,92.827110,
302,Tinsukia,IN-AS,27.579952,95.619579,
617,Udalguri,IN-AS,26.730123,92.031407,
710,West Karbi Anglong,IN-AS,25.849996,92.532969,
188,Araria,IN-BR,26.198668,87.363318,
611,Arwal,IN-BR,25.163235,84.677455,
189,Aurangabad,IN-BR,24.790895,84.408740,
190,Banka,IN-BR,24.854081,86.837107,
191,Begusarai,IN-BR,25.496664,86.129714,
192,Bhagalpur,IN-BR,25.269569,87.082847,
193,Bhojpur,IN-BR,25.470829,84.542485,
194,Buxar,IN-BR,25.491965,84.099685,
195,Darbhanga,IN-BR,26.084387,86.054245,
196,Gaya,IN-BR,24.696793,84.934254,
197,Gopalganj,IN-BR,26.443845,84.373836,
198,Jamui,IN-BR,24.783624,86.293785,
199,Jehanabad,IN-BR,25.155070,85.016832,
200,Kaimur (Bhabua),IN-BR,24.991849,83.605603,
201,Katihar,IN-BR,25.548653,87.640579,
202,Khagaria,IN-BR,25.511006,86.601532,
203,Kishanganj,IN-BR,26.296361,87.935551,
204,Lakhisarai,IN-BR,25.161234,86.136725,
205,Madhepura,IN-BR,25.822712,86.898913,
206,Madhubani,IN-BR,26.402234,86.221843,
207,Munger,IN-BR,25.210030,86.526055,
208,Muzaffarpur,IN-BR,26.152133,85.328539,
209,Nalanda,IN-BR,25.219052,85.450164,
210,Nawada,IN-BR,24.811001,85.589668,
211,Pashchim Champaran,IN-BR,27.079822,84.338905,
212,Patna,IN-BR,25.455947,85.223570,
213,Purbi Champaran,IN-BR,26.618344,84.921996,
214,Purnia,IN-BR,25.815393,87.405089,
215,Rohtas,IN-BR,24.979822,84.025967,
216,Saharsa,IN-BR,25.814227,86.590738,
217,Samastipur,IN-BR,25.772996,85.865723,
218,Saran,IN-BR,25.905685,84.823193,
219,Sheikhpura,IN-BR,25.123650,85.838344,
220,Sheohar,IN-BR,26.497836,85.301880,
221,Sitamarhi,IN-BR,26.585083,85.552608,
222,Siwan,IN-BR,26.161266,84.386962,
223,Supaul,IN-BR,26.245094,86.808186,
224,Vaishali,IN-BR,25.763071,85.368195,
44,Chandigarh,IN-CH,30.729350,76.780565,
646,Balod,IN-CT,20.741641,81.188372,
644,Balodabazar-Bhatapara,IN-CT,21.582031,82.327512,
649,Balrampur-Ramanujganj,IN-CT,23.592678,83.501241,
374,Bastar,IN-CT,19.095835,81.867804,
650,Bemetara,IN-CT,21.660879,81.469869,
636,Bijapur,IN-CT,18.860867,80.800554,
375,Bilaspur,IN-CT,22.179960,82.115906,
376,Dakshin Bastar Dantewada,IN-CT,18.804749,81.390283,
377,Dhamtari,IN-CT,20.555245,81.808854,
378,Durg,IN-CT,21.220343,81.383275,
645,Gariyaband,IN-CT,20.448083,82.235234,
734,Gaurela-Pendra-Marwahi,IN-CT,22.804965,81.998854,
379,Janjgir-Champa,IN-CT,21.921350,82.592276,
380,Jashpur,IN-CT,22.801105,83.862511,
382,Kabeerdham,IN-CT,22.092525,81.222508,
759,Khairagarh-Chhuikhadan-Gandai,IN-CT,21.265915,82.041059,
643,Kondagaon,IN-CT,19.745701,81.664919,
383,Korba,IN-CT,22.534684,82.608204,
384,Korea,IN-CT,23.469802,82.235279,
385,Mahasamund,IN-CT,21.207969,82.608312,
760,Manendragarh-Chirmiri-Bharatpur(M C B),IN-CT,21.265915,82.041059,
761,Mohla-Manpur-Ambagarh Chouki,IN-CT,21.265915,82.041059,
647,Mungeli,IN-CT,22.240399,81.730560,
637,Narayanpur,IN-CT,19.570198,81.085072,
386,Raigarh,IN-CT,22.085227,83.303068,
387,Raipur,IN-CT,21.285804,81.820087,
388,Rajnandgaon,IN-CT,21.039397,80.820053,
762,Sakti,IN-CT,21.265915,82.041059,
763,Sarangarh-Bilaigarh,IN-CT,21.265915,82.041059,
642,Sukma,IN-CT,18.272188,81.365650,
648,Surajpur,IN-CT,23.401996,82.883600,
389,Surguja,IN-CT,22.928368,83.227178,
381,Uttar Bastar Kanker,IN-CT,20.137568,81.122709,
77,Central,IN-DL,28.681583,77.224161,
796,Central North,IN-DL,28.643370,77.115437,
78,East,IN-DL,28.622088,77.304590,
79,New Delhi,IN-DL,28.577155,77.148588,
80,North,IN-DL,28.793505,77.107739,
81,North East,IN-DL,28.722615,77.256547,
82,North West,IN-DL,28.725251,77.043125,
795,Old Delhi,IN-DL,28.643370,77.115437,
794,Outer North,IN-DL,28.643370,77.115437,
83,South,IN-DL,28.481463,77.190717,
670,South East,IN-DL,28.542227,77.272944,
84,South West,IN-DL,28.576241,76.967730,
85,West,IN-DL,28.655426,77.063965,
465,Dadra And Nagar Haveli,IN-DN,20.191077,73.058434,
463,Daman,IN-DN,20.414235,72.852713,
464,Diu,IN-DN,20.721261,70.937137,
793,Kushavati,IN-GA,15.365280,74.049474,
551,North Goa,IN-GA,15.549741,73.976654,Panjim;Panaji
552,South Goa,IN-GA,15.200426,74.114554,
438,Ahmedabad,IN-GJ,22.756916,72.243635,
439,Amreli,IN-GJ,21.425061,71.242250,
440,Anand,IN-GJ,22.426788,72.750860,
672,Arvalli,IN-GJ,23.460770,73.333057,
441,Banas Kantha,IN-GJ,24.287309,72.023840,
442,Bharuch,IN-GJ,21.781624,72.940813,
443,Bhavnagar,IN-GJ,21.567255,71.890807,
676,Botad,IN-GJ,22.111237,71.675173,
668,Chhotaudepur,IN-GJ,22.219363,73.873322,
445,Dahod,IN-GJ,22.860252,74.112368,
444,Dangs,IN-GJ,20.804932,73.700704,
674,Devbhumi Dwarka,IN-GJ,22.123915,69.460359,
446,Gandhinagar,IN-GJ,23.255060,72.691828,
675,Gir Somnath,IN-GJ,20.904305,70.754896,
447,Jamnagar,IN-GJ,22.284992,70.195152,
448,Junagadh,IN-GJ,21.322204,70.484799,
449,Kachchh,IN-GJ,23.649743,69.939927,
450,Kheda,IN-GJ,22.837464,72.950496,
451,Mahesana,IN-GJ,23.609492,72.466734,
669,Mahisagar,IN-GJ,23.187631,73.647054,
673,Morbi,IN-GJ,22.834967,70.903505,
452,Narmada,IN-GJ,21.736946,73.644961,
453,Navsari,IN-GJ,20.815302,73.092556,
454,Panch Mahals,IN-GJ,22.719962,73.625560,
455,Patan,IN-GJ,23.770377,71.758662,
456,Porbandar,IN-GJ,21.654830,69.777118,
457,Rajkot,IN-GJ,22.025462,70.744479,
458,Sabar Kantha,IN-GJ,23.804138,73.036193,
459,Surat,IN-GJ,21.268923,73.071114,
460,Surendranagar,IN-GJ,22.765832,71.593076,
641,Tapi,IN-GJ,21.191623,73.626694,
461,Vadodara,IN-GJ,22.248056,73.239088,Baroda
462,Valsad,IN-GJ,20.418149,73.120123,
789,Vav-Tharad,IN-GJ,22.692625,71.595166,
15,Bilaspur,IN-HP,31.370997,76.670218,
16,Chamba,IN-HP,32.674760,76.348210,
17,Hamirpur,IN-HP,31.667072,76.525513,
18,Kangra,IN-HP,32.108262,76.315594,
19,Kinnaur,IN-HP,31.595321,78.413983,
20,Kullu,IN-HP,31.902180,77.398851,
21,Lahaul And Spiti,IN-HP,32.480058,77.616702,
22,Mandi,IN-HP,31.636785,76.991568,
23,Shimla,IN-HP,31.197358,77.632010,Simla
24,Sirmaur,IN-HP,30.666819,77.430921,
25,Solan,IN-HP,31.045294,76.909556,
26,Una,IN-HP,31.579300,76.209866,
58,Ambala,IN-HR,30.328333,76.938819,
59,Bhiwani,IN-HR,28.779986,75.890362,
701,Charkhi Dadri,IN-HR,28.576821,76.153473,
60,Faridabad,IN-HR,28.352029,77.342381,
61,Fatehabad,IN-HR,29.568879,75.576977,
62,Gurugram,IN-HR,28.369140,76.939969,Gurgaon
792,Hansi,IN-HR,29.197675,76.340342,
63,Hisar,IN-HR,29.211695,75.822441,
64,Jhajjar,IN-HR,28.604827,76.648173,
65,Jind,IN-HR,29.435165,76.303632,
66,Kaithal,IN-HR,29.811241,76.413852,
67,Karnal,IN-HR,29.688952,76.887790,
68,Kurukshetra,IN-HR,30.038696,76.784940,
69,Mahendragarh,IN-HR,28.171027,76.138339,
604,Nuh,IN-HR,27.985194,77.050196,
619,Palwal,IN-HR,28.062991,77.334914,
70,Panchkula,IN-HR,30.686460,76.977506,
71,Panipat,IN-HR,29.337959,76.928109,
72,Rewari,IN-HR,28.240787,76.536358,
73,Rohtak,IN-HR,28.912077,76.530277,
74,Sirsa,IN-HR,29.615601,74.900793,
75,Sonipat,IN-HR,29.056549,76.874796,
76,Yamunanagar,IN-HR,30.234263,77.302286,
322,Bokaro,IN-JH,23.694742,85.996538,
323,Chatra,IN-JH,24.164478,84.891481,
324,Deoghar,IN-JH,24.328324,86.740210,
325,Dhanbad,IN-JH,23.826760,86.472253,
326,Dumka,IN-JH,24.319558,87.266417,
327,East Singhbum,IN-JH,22.582489,86.451427,
328,Garhwa,IN-JH,24.103698,83.698491,
329,Giridih,IN-JH,24.293575,86.110998,
330,Godda,IN-JH,24.858838,87.308684,
331,Gumla,IN-JH,23.103200,84.532365,
332,Hazaribagh,IN-JH,24.062077,85.425876,
333,Jamtara,IN-JH,23.975652,86.907467,
606,Khunti,IN-JH,22.994324,85.262599,
334,Koderma,IN-JH,24.500046,85.667996,
335,Latehar,IN-JH,23.716982,84.444799,
336,Lohardaga,IN-JH,23.475720,84.671773,
337,Pakur,IN-JH,24.564154,87.662615,
338,Palamu,IN-JH,24.199754,84.168881,
607,Ramgarh,IN-JH,23.634171,85.564362,
339,Ranchi,IN-JH,23.328674,85.375279,
340,Sahebganj,IN-JH,25.010776,87.678156,
341,Saraikela Kharsawan,IN-JH,22.847376,85.950299,
342,Simdega,IN-JH,22.581800,84.564239,
343,West Singhbhum,IN-JH,22.420670,85.518106,
1,Anantnag,IN-JK,33.826532,75.324713,
623,Bandipora,IN-JK,34.587294,74.876122,
3,Baramulla,IN-JK,34.158233,74.302510,
2,Budgam,IN-JK,33.918231,74.634582,
4,Doda,IN-JK,33.093287,75.714680,
626,Ganderbal,IN-JK,34.262056,75.032361,
5,Jammu,IN-JK,32.804977,74.746861,
7,Kathua,IN-JK,32.574591,75.583408,
620,Kishtwar,IN-JK,33.549896,75.971004,
622,Kulgam,IN-JK,33.606434,74.860001,
8,Kupwara,IN-JK,34.521364,74.207221,
10,Poonch,IN-JK,33.783995,74.017819,
11,Pulwama,IN-JK,33.940691,75.016857,
12,Rajouri,IN-JK,33.278226,74.380875,
621,Ramban,IN-JK,33.307671,75.189864,
627,Reasi,IN-JK,33.238912,74.831425,
624,Samba,IN-JK,32.581686,75.090492,
625,Shopian,IN-JK,33.735213,74.818533,
13,Srinagar,IN-JK,34.114653,74.821269,
14,Udhampur,IN-JK,32.898827,75.296952,
524,Bagalkote,IN-KA,16.221360,75.625545,
528,Ballari,IN-KA,15.110053,76.532663,Bellary
527,Belagavi,IN-KA,16.120633,74.823078,Belgaum
526,Bengaluru Rural,IN-KA,13.227244,77.574079,
631,Bengaluru South,IN-KA,12.679132,77.335368,
525,Bengaluru Urban,IN-KA,12.951773,77.593709,Bangalore;Bangalore City
529,Bidar,IN-KA,17.952944,77.225064,
531,Chamarajanagar,IN-KA,11.958215,77.097666,
630,Chikkaballapura,IN-KA,13.578012,77.835250,
532,Chikkamagaluru,IN-KA,13.454630,75.690643,Chikmagalur
533,Chitradurga,IN-KA,14.168582,76.515192,
534,Dakshina Kannada,IN-KA,12.853124,75.250904,Mangalore
535,Davanagere,IN-KA,14.408738,75.954074,
536,Dharwad,IN-KA,15.390180,75.152300,Hubli
537,Gadag,IN-KA,15.431463,75.665251,
539,Hassan,IN-KA,12.996418,76.107830,
540,Haveri,IN-KA,14.738833,75.416481,
538,Kalaburagi,IN-KA,17.260450,76.868950,Gulbarga
541,Kodagu,IN-KA,12.325015,75.801291,
542,Kolar,IN-KA,13.139716,78.217875,
543,Koppal,IN-KA,15.562534,76.221462,
544,Mandya,IN-KA,12.611423,76.797236,
545,Mysuru,IN-KA,12.210442,76.440368,Mysore
546,Raichur,IN-KA,16.090678,76.891761,
547,Shivamogga,IN-KA,14.043206,75.220165,Shimoga
548,Tumakuru,IN-KA,13.521638,76.946204,Tumkur
549,Udupi,IN-KA,13.498278,74.871960,
550,Uttara Kannada,IN-KA,14.791505,74.619576,
738,Vijayanagara,IN-KA,14.710573,76.167282,Hospet
530,Vijayapura,IN-KA,16.794485,75.952820,
635,Yadgir,IN-KA,16.626858,76.912489,
554,Alappuzha,IN-KL,9.428387,76.447041,Alleppey
555,Ernakulam,IN-KL,10.084494,76.546013,Cochin;Kochi
556,Idukki,IN-KL,9.839668,77.056847,
557,Kannur,IN-KL,12.001100,75.523524,Cannanore
558,Kasaragod,IN-KL,12.462369,75.151022,
559,Kollam,IN-KL,8.962527,76.871728,Quilon
560,Kottayam,IN-KL,9.637751,76.650700,
561,Kozhikode,IN-KL,11.485645,75.833309,Calicut
562,Malappuram,IN-KL,11.133326,76.154377,
563,Palakkad,IN-KL,10.795647,76.556398,Palghat
564,Pathanamthitta,IN-KL,9.284934,76.926426,
565,Thiruvananthapuram,IN-KL,8.609470,77.012216,Trivandrum
566,Thrissur,IN-KL,10.471945,76.314555,Trichur
567,Wayanad,IN-KL,11.712508,76.097753,
6,Kargil,IN-LA,33.902845,76.494643,
9,Leh Ladakh,IN-LA,35.043894,76.821315,
553,Lakshadweep District,IN-LD,10.812627,73.677058,
466,Ahilyanagar,IN-MH,19.205391,74.675231,
467,Akola,IN-MH,20.748005,77.056016,
468,Amravati,IN-MH,21.187565,77.570354,
470,Beed,IN-MH,18.946660,75.838225,
471,Bhandara,IN-MH,21.115620,79.763152,
472,Buldhana,IN-MH,20.510807,76.407133,
473,Chandrapur,IN-MH,20.118386,79.440540,
469,Chhatrapati Sambhajinagar,IN-MH,20.027442,75.279761,
488,Dharashiv,IN-MH,18.188746,76.036898,Osmanabad
474,Dhule,IN-MH,21.110370,74.600494,
475,Gadchiroli,IN-MH,19.787912,80.240432,
476,Gondia,IN-MH,21.165306,80.217855,
477,Hingoli,IN-MH,19.637480,77.100455,
478,Jalgaon,IN-MH,20.932545,75.487940,
479,Jalna,IN-MH,19.807495,75.980338,
480,Kolhapur,IN-MH,16.471481,74.158638,
481,Latur,IN-MH,18.373766,76.759511,
482,Mumbai,IN-MH,18.989036,72.838017,Bombay
483,Mumbai Suburban,IN-MH,19.131779,72.884497,
484,Nagpur,IN-MH,21.178155,79.085030,
485,Nanded,IN-MH,19.112445,77.617827,
486,Nandurbar,IN-MH,21.550193,74.216834,
487,Nashik,IN-MH,20.259820,74.070699,Nasik
665,Palghar,IN-MH,19.793763,73.012184,
489,Parbhani,IN-MH,19.268248,76.690859,
490,Pune,IN-MH,18.571118,74.067998,Poona
491,Raigad,IN-MH,18.510062,73.221458,
492,Ratnagiri,IN-MH,17.274418,73.454737,
493,Sangli,IN-MH,17.113762,74.767913,
494,Satara,IN-MH,17.670029,74.172659,
495,Sindhudurg,IN-MH,16.134008,73.737764,
496,Solapur,IN-MH,17.790589,75.483125,
497,Thane,IN-MH,19.361103,73.319543,
498,Wardha,IN-MH,20.797145,78.585883,
499,Washim,IN-MH,20.234103,77.216372,
500,Yavatmal,IN-MH,20.083546,78.161025,
273,East Garo Hills,IN-ML,25.618628,90.630370,
657,East Jaintia Hills,IN-ML,25.265690,92.463884,
274,East Khasi Hills,IN-ML,25.383453,91.800191,
740,Eastern West Khasi Hills,IN-ML,25.535419,91.278401,
656,North Garo Hills,IN-ML,25.850532,90.665283,
276,Ri Bhoi,IN-ML,25.873612,91.884129,
277,South Garo Hills,IN-ML,25.300548,90.593840,
663,South West Garo Hills,IN-ML,25.446276,89.989664,
658,South West Khasi Hills,IN-ML,25.312380,91.245827,
278,West Garo Hills,IN-ML,25.641756,90.197735,
275,West Jaintia Hills,IN-ML,25.485083,92.281958,
279,West Khasi Hills,IN-ML,25.598255,91.261737,
252,Bishnupur,IN-MN,24.535799,93.797905,
253,Chandel,IN-MN,24.124837,94.007495,
254,Churachandpur,IN-MN,24.277193,93.602918,
255,Imphal East,IN-MN,24.832705,94.013173,
256,Imphal West,IN-MN,24.803266,93.872958,
713,Jiribam,IN-MN,24.681775,93.152020,
711,Kakching,IN-MN,24.427861,93.917808,
717,Kamjong,IN-MN,24.824838,94.432038,
712,Kangpokpi,IN-MN,24.992920,93.947737,
714,Noney,IN-MN,24.677348,93.455938,
715,Pherzawl,IN-MN,24.304682,93.220554,
257,Senapati,IN-MN,25.398440,94.124914,
258,Tamenglong,IN-MN,25.053484,93.550469,
716,Tengnoupal,IN-MN,24.412591,94.222784,
259,Thoubal,IN-MN,24.615553,94.009519,
260,Ukhrul,IN-MN,25.237716,94.429581,
667,Agar-Malwa,IN-MP,23.826490,76.071034,
639,Alirajpur,IN-MP,22.314414,74.363886,
390,Anuppur,IN-MP,23.056856,81.682706,
391,Ashoknagar,IN-MP,24.609385,77.875356,
392,Balaghat,IN-MP,21.880796,80.359833,
393,Barwani,IN-MP,21.788217,75.020879,
394,Betul,IN-MP,21.878491,77.871242,
395,Bhind,IN-MP,26.421879,78.721245,
396,Bhopal,IN-MP,23.470159,77.390757,
397,Burhanpur,IN-MP,21.370677,76.369160,
398,Chhatarpur,IN-MP,24.798140,79.665843,
399,Chhindwara,IN-MP,22.122543,78.854128,
400,Damoh,IN-MP,23.812319,79.526831,
401,Datia,IN-MP,25.801368,78.598029,
402,Dewas,IN-MP,22.744198,76.456861,
403,Dhar,IN-MP,22.497955,75.103968,
404,Dindori,IN-MP,22.889989,81.051289,
406,Guna,IN-MP,24.555940,77.198633,
407,Gwalior,IN-MP,26.039596,78.146084,
408,Harda,IN-MP,22.232408,77.123520,
410,Indore,IN-MP,22.713138,75.782221,
411,Jabalpur,IN-MP,23.234003,79.975911,Jubbulpore
412,Jhabua,IN-MP,22.892390,74.671552,
413,Katni,IN-MP,23.752838,80.401399,
405,Khandwa (East Nimar),IN-MP,21.935151,76.568398,
414,Khargone (West Nimar),IN-MP,21.918639,75.771495,
766,MAUGANJ,IN-MP,23.538142,78.289776,
784,Maihar,IN-MP,23.538142,78.289776,
415,Mandla,IN-MP,22.639254,80.512199,
416,Mandsaur,IN-MP,24.204426,75.405140,
417,Morena,IN-MP,26.413015,77.868115,
409,Narmadapuram,IN-MP,22.590666,77.990687,
418,Narsimhapur,IN-MP,22.936237,79.087885,
419,Neemuch,IN-MP,24.590871,75.141734,
722,Niwari,IN-MP,25.284792,78.748152,
785,Pandhurna,IN-MP,23.538142,78.289776,
420,Panna,IN-MP,24.421056,80.189010,
421,Raisen,IN-MP,23.220061,78.120590,
422,Rajgarh,IN-MP,23.861158,76.732433,
423,Ratlam,IN-MP,23.502339,75.088589,
424,Rewa,IN-MP,24.755316,81.587224,
425,Sagar,IN-MP,23.850043,78.759732,
426,Satna,IN-MP,24.528700,80.830748,
427,Sehore,IN-MP,22.987637,77.127430,
428,Seoni,IN-MP,22.316960,79.689162,
429,Shahdol,IN-MP,23.629442,81.473493,
430,Shajapur,IN-MP,23.383975,76.559497,
431,Sheopur,IN-MP,25.754479,77.007246,
432,Shivpuri,IN-MP,25.365539,77.805373,
433,Sidhi,IN-MP,24.220619,81.834023,
638,Singrauli,IN-MP,24.215913,82.419945,
434,Tikamgarh,IN-MP,24.883196,79.016107,
435,Ujjain,IN-MP,23.330883,75.669034,
436,Umaria,IN-MP,23.562793,80.973190,
437,Vidisha,IN-MP,23.892313,77.813112,
261,Aizawl,IN-MZ,23.848541,92.890177,
262,Champhai,IN-MZ,23.540546,93.231068,
726,Hnahthial,IN-MZ,23.306959,92.831811,
728,Khawzawl,IN-MZ,23.306959,92.831811,
263,Kolasib,IN-MZ,24.141417,92.720432,
264,Lawngtlai,IN-MZ,22.432755,92.765933,
265,Lunglei,IN-MZ,22.972505,92.720138,
266,Mamit,IN-MZ,23.755528,92.463997,
727,Saitual,IN-MZ,23.306959,92.831811,
268,Serchhip,IN-MZ,23.308820,92.941508,
267,Siaha,IN-MZ,22.291740,93.001449,
758,Chumoukedima,IN-NL,26.062153,94.466308,
244,Dimapur,IN-NL,25.781128,93.794081,
614,Kiphire,IN-NL,25.842745,94.821768,
245,Kohima,IN-NL,25.771761,94.108881,
615,Longleng,IN-NL,26.552081,94.795531,
788,Meluri,IN-NL,26.062153,94.466308,
246,Mokokchung,IN-NL,26.472284,94.528963,
247,Mon,IN-NL,26.677812,95.016718,
764,Niuland,IN-NL,26.062153,94.466308,
736,Noklak,IN-NL,26.062153,94.466308,
613,Peren,IN-NL,25.508382,93.624084,
248,Phek,IN-NL,25.647194,94.534539,
765,Shamator,IN-NL,26.062153,94.466308,
757,Tseminyu,IN-NL,26.062153,94.466308,
249,Tuensang,IN-NL,26.166672,94.887560,
250,Wokha,IN-NL,26.188371,94.191816,
251,Zunheboto,IN-NL,25.999722,94.483933,
344,Anugola,IN-OR,20.986355,84.905206,
345,Balangir,IN-OR,20.589427,83.171651,
346,Baleshwar,IN-OR,21.494441,86.906311,
347,Baragada,IN-OR,21.219614,83.349141,
348,Bhadrak,IN-OR,20.983044,86.625018,
349,Boudh,IN-OR,20.644444,84.172873,
351,Debagada,IN-OR,21.467033,84.785302,
352,Dhenkanal,IN-OR,20.826874,85.523896,
353,Gajapati,IN-OR,19.184171,84.161163,
354,Ganjam,IN-OR,19.624456,84.672465,
355,Jagatsinghapur,IN-OR,20.218649,86.335211,
356,Jajpur,IN-OR,20.856145,86.149442,
357,Jharsuguda,IN-OR,21.807224,83.946640,
358,Kalahandi,IN-OR,19.867583,83.107938,
359,Kandhamala,IN-OR,20.128180,84.045937,
350,Kataka,IN-OR,20.453340,85.696462,
360,Kendrapada,IN-OR,20.552578,86.609881,
361,Kendujhar,IN-OR,21.537820,85.702386,
362,Khordha,IN-OR,20.091062,85.514274,
363,Koraput,IN-OR,18.812874,82.719717,
364,Malkangiri,IN-OR,18.257715,81.950493,
365,Mayurbhanj,IN-OR,21.895372,86.408568,
366,Nabarangpur,IN-OR,19.576483,82.334523,
367,Nayagada,IN-OR,20.213177,84.997802,
368,Nuapada,IN-OR,20.466045,82.576879,
369,Puri,IN-OR,19.879081,85.725732,
370,Rayagada,IN-OR,19.363492,83.512441,
371,Sambalpur,IN-OR,21.452534,84.273391,
372,Subarnapur,IN-OR,20.930816,83.822370,
373,Sundaragada,IN-OR,22.079904,84.533191,
27,Amritsar,IN-PB,31.705642,74.899424,
605,Barnala,IN-PB,30.387784,75.498635,
28,Bathinda,IN-PB,30.183238,75.040269,
29,Faridkot,IN-PB,30.613481,74.777318,
30,Fatehgarh Sahib,IN-PB,30.642697,76.375469,
651,Fazilka,IN-PB,30.277026,74.163643,
31,Ferozepur,IN-PB,30.912989,74.703010,
32,Gurdaspur,IN-PB,31.916470,75.291003,
33,Hoshiarpur,IN-PB,31.625016,75.857919,
34,Jalandhar,IN-PB,31.212738,75.565804,
35,Kapurthala,IN-PB,31.354438,75.400042,
36,Ludhiana,IN-PB,30.805395,75.832732,
737,Malerkotla,IN-PB,30.842128,75.415888,
37,Mansa,IN-PB,29.907347,75.438503,
38,Moga,IN-PB,30.761814,75.170324,
662,Pathankot,IN-PB,32.296307,75.616245,
41,Patiala,IN-PB,30.281721,76.350755,
42,Rupnagar,IN-PB,31.062049,76.487646,
608,S.A.S Nagar,IN-PB,30.680921,76.739758,
43,Sangrur,IN-PB,30.211970,75.869115,
40,Shahid Bhagat Singh Nagar,IN-PB,31.110048,76.154318,
39,Sri Muktsar Sahib,IN-PB,30.299843,74.538399,
609,Tarn Taran,IN-PB,31.336494,74.840379,
598,Karaikal,IN-PY,10.933424,79.802948,
600,Puducherry,IN-PY,11.916989,79.766405,Pondicherry
86,Ajmer,IN-RJ,26.233499,74.773091,
87,Alwar,IN-RJ,27.590899,76.601627,
775,Balotra,IN-RJ,26.584176,73.849855,
88,Banswara,IN-RJ,23.476390,74.361987,
89,Baran,IN-RJ,24.995630,76.747835,
90,Barmer,IN-RJ,25.734986,71.474795,
774,Beawar,IN-RJ,26.584176,73.849855,
91,Bharatpur,IN-RJ,27.247765,77.276538,
92,Bhilwara,IN-RJ,25.481644,74.726677,
93,Bikaner,IN-RJ,28.177209,73.174572,
94,Bundi,IN-RJ,25.485609,75.790630,
95,Chittorgarh,IN-RJ,24.822240,74.775399,
96,Churu,IN-RJ,28.345118,74.696405,
97,Dausa,IN-RJ,26.857579,76.510297,
767,Deeg,IN-RJ,26.584176,73.849855,
98,Dholpur,IN-RJ,26.680863,77.702142,
768,Didwana-Kuchaman,IN-RJ,26.584176,73.849855,
99,Dungarpur,IN-RJ,23.731872,73.853138,
100,Ganganagar,IN-RJ,29.395945,73.570535,
101,Hanumangarh,IN-RJ,29.265979,74.561463,
102,Jaipur,IN-RJ,26.976650,75.719841,
103,Jaisalmer,IN-RJ,27.075201,70.901037,
104,Jalore,IN-RJ,25.099518,72.211683,
105,Jhalawar,IN-RJ,24.335986,76.193443,
106,Jhunjhunu,IN-RJ,28.092715,75.549656,
107,Jodhpur,IN-RJ,26.747773,72.785854,
108,Karauli,IN-RJ,26.523079,76.958707,
770,Khairthal-Tijara,IN-RJ,26.584176,73.849855,
109,Kota,IN-RJ,25.109266,76.106084,
782,Kotputli-Behror,IN-RJ,26.584176,73.849855,
110,Nagaur,IN-RJ,27.065964,74.175488,
111,Pali,IN-RJ,25.706921,73.519596,
772,Phalodi,IN-RJ,26.584176,73.849855,
629,Pratapgarh,IN-RJ,24.029241,74.650304,
112,Rajsamand,IN-RJ,25.227968,73.891708,
777,Salumbar,IN-RJ,26.584176,73.849855,
113,Sawai Madhopur,IN-RJ,26.217244,76.460987,
114,Sikar,IN-RJ,27.634011,75.288276,
115,Sirohi,IN-RJ,24.761751,72.776047,
116,Tonk,IN-RJ,26.148317,75.665959,
117,Udaipur,IN-RJ,24.418699,73.689784,
225,Gangtok,IN-SK,27.292057,88.673069,
228,Gyalshing,IN-SK,27.348415,88.175462,
226,Mangan,IN-SK,27.743446,88.528275,
227,Namchi,IN-SK,27.286440,88.384824,
741,Pakyong,IN-SK,27.570188,88.473019,
742,Soreng,IN-SK,27.570188,88.473019,
501,Adilabad,IN-TG,19.519916,78.565982,
690,Bhadradri Kothagudem,IN-TG,17.690454,80.716493,
686,Hanumakonda,IN-TG,18.046534,79.463730,
507,Hyderabad,IN-TG,17.395112,78.470167,Hyderabad City;Secunderabad
681,Jagitial,IN-TG,18.832238,78.877896,
689,Jangoan,IN-TG,17.727859,79.284325,
687,Jayashankar Bhupalapally,IN-TG,18.506030,79.924365,
695,Jogulamba Gadwal,IN-TG,16.071697,77.780993,
685,Kamareddy,IN-TG,18.324814,78.061681,
508,Karimnagar,IN-TG,18.380033,79.245348,
509,Khammam,IN-TG,17.205947,80.365131,
699,Kumuram Bheem Asifabad,IN-TG,19.357095,79.419802,
688,Mahabubabad,IN-TG,17.675222,79.996276,
512,Mahabubnagar,IN-TG,16.751490,78.013247,
684,Mancherial,IN-TG,18.991463,79.512315,
513,Medak,IN-TG,17.953209,78.265038,
700,Medchal Malkajgiri,IN-TG,17.544214,78.557696,
720,Mulugu,IN-TG,18.291487,80.337459,
694,Nagarkurnool,IN-TG,16.382246,78.595988,
514,Nalgonda,IN-TG,16.876525,79.193064,
721,Narayanpet,IN-TG,16.638254,77.582727,
680,Nirmal,IN-TG,19.113181,78.314942,
516,Nizamabad,IN-TG,18.701604,78.211364,
682,Peddapalli,IN-TG,18.620155,79.453681,
683,Rajanna Sircilla,IN-TG,18.414096,78.763447,
518,Ranga Reddy,IN-TG,17.130963,78.412504,
691,Sangareddy,IN-TG,17.785340,77.874129,
692,Siddipet,IN-TG,18.021641,78.855083,
696,Suryapet,IN-TG,17.080643,79.754395,
698,Vikarabad,IN-TG,17.246310,77.750811,
693,Wanaparthy,IN-TG,16.287718,78.049507,
522,Warangal,IN-TG,17.919204,79.737482,
697,Yadadri Bhuvanagiri,IN-TG,17.451240,78.978697,
610,Ariyalur,IN-TN,11.162551,79.242972,
730,Chengalpattu,IN-TN,12.582979,79.999171,
568,Chennai,IN-TN,13.100428,80.234893,Madras
569,Coimbatore,IN-TN,10.878062,76.975747,
570,Cuddalore,IN-TN,11.535937,79.450508,
571,Dharmapuri,IN-TN,12.100517,78.193248,
572,Dindigul,IN-TN,10.391669,77.819666,
573,Erode,IN-TN,11.479549,77.380254,
729,Kallakurichi,IN-TN,11.803600,79.034514,
574,Kancheepuram,IN-TN,12.832664,79.849732,
575,Kanniyakumari,IN-TN,8.308118,77.359590,
576,Karur,IN-TN,10.844322,78.134624,
577,Krishnagiri,IN-TN,12.490160,78.032355,
578,Madurai,IN-TN,9.922720,78.005214,
735,Mayiladuthurai,IN-TN,11.015873,78.407996,
579,Nagapattinam,IN-TN,10.841301,79.737891,
580,Namakkal,IN-TN,11.318778,78.135667,
581,Perambalur,IN-TN,11.275076,78.891647,
582,Pudukkottai,IN-TN,10.360782,78.879400,
583,Ramanathapuram,IN-TN,9.437609,78.685761,
731,Ranipet,IN-TN,12.949902,79.461686,
584,Salem,IN-TN,11.690215,78.137146,
585,Sivaganga,IN-TN,9.916501,78.596076,
733,Tenkasi,IN-TN,9.092518,77.459924,
586,Thanjavur,IN-TN,10.670696,79.241463,Tanjore
587,The Nilgiris,IN-TN,11.453320,76.626115,Ootacamund
588,Theni,IN-TN,9.891794,77.438407,
589,Thiruvallur,IN-TN,13.244045,79.932765,
590,Thiruvarur,IN-TN,10.679399,79.533581,
594,Thoothukkudi,IN-TN,8.901449,77.997628,Tuticorin
591,Tiruchirappalli,IN-TN,10.891184,78.570397,Trichy
592,Tirunelveli,IN-TN,8.575007,77.590408,
732,Tirupathur,IN-TN,12.593927,78.655115,
634,Tiruppur,IN-TN,10.838977,77.407267,
593,Tiruvannamalai,IN-TN,12.432635,79.166497,
595,Vellore,IN-TN,12.914206,78.965876,
596,Viluppuram,IN-TN,12.139718,79.540604,
597,Virudhunagar,IN-TN,9.492324,77.905719,
269,Dhalai,IN-TR,23.837087,91.924036,
654,Gomati,IN-TR,23.511621,91.627811,
652,Khowai,IN-TR,23.943724,91.660954,
270,North Tripura,IN-TR,24.097014,92.210814,
653,Sepahijala,IN-TR,23.585052,91.331523,
271,South Tripura,IN-TR,23.200333,91.577175,
655,Unakoti,IN-TR,24.204434,92.041151,
272,West Tripura,IN-TR,23.886599,91.399302,
118,Agra,IN-UP,27.036251,78.076398,
119,Aligarh,IN-UP,27.926465,78.065301,
121,Ambedkar Nagar,IN-UP,26.418558,82.666105,
640,Amethi,IN-UP,26.323815,81.668704,
154,Amroha,IN-UP,28.835642,78.368246,
122,Auraiya,IN-UP,26.658178,79.479116,
140,Ayodhya,IN-UP,26.657554,81.997104,Faizabad
123,Azamgarh,IN-UP,26.045498,83.067296,
124,Baghpat,IN-UP,29.056937,77.308508,
125,Bahraich,IN-UP,27.698230,81.492806,
126,Ballia,IN-UP,25.876254,84.102614,
127,Balrampur,IN-UP,27.483685,82.375229,
128,Banda,IN-UP,25.470939,80.557396,
129,Bara Banki,IN-UP,26.939037,81.332417,
130,Bareilly,IN-UP,28.457976,79.431403,
131,Basti,IN-UP,26.820038,82.625709,
179,Bhadohi,IN-UP,25.347933,82.464128,
132,Bijnor,IN-UP,29.386207,78.388853,
133,Budaun,IN-UP,28.077854,79.041570,
134,Bulandshahr,IN-UP,28.362548,78.014505,
135,Chandauli,IN-UP,25.141544,83.258105,
136,Chitrakoot,IN-UP,25.206227,81.077462,
137,Deoria,IN-UP,26.425350,83.834585,
138,Etah,IN-UP,27.515541,78.717419,
139,Etawah,IN-UP,26.764067,79.094854,
141,Farrukhabad,IN-UP,27.431334,79.458667,
142,Fatehpur,IN-UP,25.874894,80.807709,
143,Firozabad,IN-UP,27.187236,78.526428,
144,Gautam Buddha Nagar,IN-UP,28.394059,77.555973,
145,Ghaziabad,IN-UP,28.767749,77.476015,
146,Ghazipur,IN-UP,25.623962,83.555544,
147,Gonda,IN-UP,27.083387,82.025294,
148,Gorakhpur,IN-UP,26.656068,83.359032,
149,Hamirpur,IN-UP,25.751017,79.865350,
661,Hapur,IN-UP,28.722383,77.893127,
150,Hardoi,IN-UP,27.330336,80.161580,
163,Hathras,IN-UP,27.581716,78.164440,
151,Jalaun,IN-UP,26.091193,79.385801,
152,Jaunpur,IN-UP,25.746298,82.574976,
153,Jhansi,IN-UP,25.508105,78.950857,
155,Kannauj,IN-UP,27.013601,79.688690,
156,Kanpur Dehat,IN-UP,26.439637,79.852934,
157,Kanpur Nagar,IN-UP,26.391080,80.208199,Cawnpore;Kanpur
633,Kasganj,IN-UP,27.773327,78.846070,
158,Kaushambi,IN-UP,25.498460,81.415008,
159,Kheri,IN-UP,28.120956,80.666926,
160,Kushinagar,IN-UP,26.862754,83.933846,
161,Lalitpur,IN-UP,24.653500,78.561958,
162,Lucknow,IN-UP,26.841979,80.905490,
165,Mahoba,IN-UP,25.362800,79.726003,
164,Mahrajganj,IN-UP,27.200551,83.530436,
166,Mainpuri,IN-UP,27.182445,79.052108,
167,Mathura,IN-UP,27.597491,77.625895,
168,Mau,IN-UP,26.047456,83.561786,
169,Meerut,IN-UP,29.036373,77.782697,
170,Mirzapur,IN-UP,24.986648,82.607360,
171,Moradabad,IN-UP,28.885592,78.802924,
172,Muzaffarnagar,IN-UP,29.415637,77.725288,
173,Pilibhit,IN-UP,28.530755,79.994583,
174,Pratapgarh,IN-UP,25.872737,81.829069,
120,Prayagraj,IN-UP,25.304012,81.960159,Allahabad
175,Rae Bareli,IN-UP,26.203741,81.190943,
176,Rampur,IN-UP,28.809845,79.115097,
177,Saharanpur,IN-UP,29.951033,77.546779,
659,Sambhal,IN-UP,28.451892,78.558077,
178,Sant Kabir Nagar,IN-UP,26.775547,83.027224,
180,Shahjahanpur,IN-UP,27.950761,79.822072,
660,Shamli,IN-UP,29.500323,77.282363,
181,Shrawasti,IN-UP,27.718462,81.903444,
182,Siddharthnagar,IN-UP,27.270196,82.873251,
183,Sitapur,IN-UP,27.517096,80.852222,
184,Sonbhadra,IN-UP,24.407995,83.051909,
185,Sultanpur,IN-UP,26.261948,82.193868,
186,Unnao,IN-UP,26.609367,80.560562,
187,Varanasi,IN-UP,25.388275,82.913960,Banaras;Benares
45,Almora,IN-UT,29.690751,79.504039,
46,Bageshwar,IN-UT,29.996405,79.858939,
47,Chamoli,IN-UT,30.495149,79.577047,
48,Champawat,IN-UT,29.281123,80.069053,
49,Dehradun,IN-UT,30.472166,77.967550,
50,Haridwar,IN-UT,29.881397,77.996044,
51,Nainital,IN-UT,29.317293,79.463201,
52,Pauri Garhwal,IN-UT,29.879961,78.763766,
53,Pithoragarh,IN-UT,30.113997,80.345565,
54,Rudraprayag,IN-UT,30.506914,79.052455,
55,Tehri Garhwal,IN-UT,30.436550,78.535529,
56,Udham Singh Nagar,IN-UT,29.041948,79.470845,
57,Uttarkashi,IN-UT,30.971870,78.607019,
664,Alipurduar,IN-WB,26.632685,89.463034,
305,Bankura,IN-WB,23.139199,87.136273,
307,Birbhum,IN-WB,23.954375,87.663303,
308,Cooch Behar,IN-WB,26.292614,89.347816,
310,Dakshin Dinajpur,IN-WB,25.367223,88.575495,
309,Darjeeling,IN-WB,26.850567,88.262039,
312,Hooghly,IN-WB,22.884920,88.076193,
313,Howrah,IN-WB,22.521490,88.063397,
314,Jalpaiguri,IN-WB,26.682626,88.763845,
703,Jhargram,IN-WB,22.363242,86.955347,
702,Kalimpong,IN-WB,27.034545,88.630890,
315,Kolkata,IN-WB,22.526744,88.356008,Calcutta
316,Malda,IN-WB,25.136916,88.090580,
319,Murshidabad,IN-WB,24.162777,88.230649,
320,Nadia,IN-WB,23.479814,88.516695,
303,North 24 Parganas,IN-WB,22.727142,88.730133,
704,Paschim Bardhaman,IN-WB,23.636453,87.199152,
318,Paschim Medinipur,IN-WB,22.439193,87.417304,
306,Purba Bardhaman,IN-WB,23.356167,87.963711,
317,Purba Medinipur,IN-WB,22.031560,87.772887,
321,Purulia,IN-WB,23.276707,86.421546,
304,South 24 Parganas,IN-WB,22.057938,88.552900,
311,Uttar Dinajpur,IN-WB,25.845938,88.106307,
